[
  {
    "model": "catalog.category",
    "pk": 1,
    "fields": {
      "name": "Флаконы",
      "slug": "bottles",
      "description": "",
      "category_image": "files/Флаконы/bottles.webp"
    }
  },
  {
    "model": "catalog.category",
    "pk": 2,
    "fields": {
      "name": "Баночки",
      "slug": "jars",
      "description": "",
      "category_image": "files/Баночки/jars.webp"
    }
  },
  {
    "model": "catalog.category",
    "pk": 3,
    "fields": {
      "name": "Колпачки",
      "slug": "caps",
      "description": "",
      "category_image": "files/Колпачки/caps.webp"
    }
  },
  {
    "model": "catalog.category",
    "pk": 4,
    "fields": {
      "name": "Новинки",
      "slug": "new",
      "description": "",
      "category_image": "files/Новинки/new.jpg"
    }
  },
  {
    "model": "catalog.jar",
    "pk": 1,
    "fields": {
      "category": 2,
      "name": "Баночка «Сэнси-300»",
      "slug": "banochka-sensi-300",
      "status": "Новинка",
      "ratings": 1,
      "volume": "300",
      "surface": "матовая",
      "double_wall": "нет",
      "flip_top": "нет",
      "coffe_crumbs": "нет",
      "refil": "нет",
      "description": "<p>Баночка \"Сэнси-300\" (300 мл) имеет&nbsp;<strong>трендовый дизайн</strong>, благодаря которому ее можно использовать для широкого спектра косметических продуктов (скрабы, кремы, маски и т.д.).<br>В качестве комплектации можно выбрать одну из 3х матовых и глянцевых крышек.&nbsp;<strong>Матовая&nbsp;поверхность</strong>&nbsp;банки гармонично сочетается с основной высокой крышкой \"Симона\".&nbsp;Недавно был доработан конструктив этой крышки, теперь при закручивании этой крышки на баночке \"Сэнси-300\" вы услышите&nbsp;<strong>мягкий щелчок</strong>. В конце закрывания происходит фиксация, что предотвращает случайное раскручивание и дает сигнал&nbsp;потребителю, что банка закрыта плотно.&nbsp;Для обеспечения герметичности можно использовать запайку или укомплектовать банку пластиковой накладкой&nbsp;\"Симона-200\".<br><br>&nbsp;Банка&nbsp;<strong>декорируется&nbsp;</strong>шелкографией до 4 цветов и тиснением фольгой.<br><br><strong>Минимальная партия</strong>&nbsp;одного цвета 10 000 шт.<br><br><strong>Цена</strong> формируется индивидуально в зависимости от выбранных опций (размер партии, цвет, комплектация, декорирование).&nbsp;</p>",
      "uploaded_at": "2024-07-24T08:10:03.367Z"
    }
  },
  {
    "model": "catalog.jar",
    "pk": 2,
    "fields": {
      "category": 2,
      "name": "Баночка «Рефил-200»",
      "slug": "banochka-refil-200",
      "status": "Новинка",
      "ratings": 1,
      "volume": "200",
      "surface": "глянцевая",
      "double_wall": "нет",
      "flip_top": "нет",
      "coffe_crumbs": "нет",
      "refil": "нет",
      "description": "<p>Новинка 2022 - банка-рефил на 200 мл для продуктов для тела и волос. Экологичная банка &laquo;Рефил-200&raquo; имеет уникальную конструкцию корпуса и рефил (сменный блок) с облегченным весом. За счет облегченного веса емкости (рефила) и транспортировочной крышки-защелки достигается экономия первичного пластика до 70%. Емкость вставляется в корпус и защелкивается с небольшим усилием. Это предотвращает выскальзывание емкости из корпуса во время извлечения продукта. В то же время благодаря нажимаемому \"язычку\" сменный блок легко извлекается из банки. Язычок вставляется в паз, что позволяет совместить дизайн на лицевой стороне емкости и корпуса (например, название бренда на корпусе и название продукта на емкости).<br><br>Внутренняя емкость баночки &laquo;Рефил-200&raquo;, транспортная крышка-защелка и крышка банки изготовлены из 100 % PP (полипропилен) и подлежат переработке. Они могут быть изготовлены в любом цвете (в цвете заказчика). Корпус баночки &laquo;Рефил-200&raquo; изготовлен из акрила и имеет премиальный внешний вид, он может быть прозрачным или подтонированным. Акриловые корпуса банок будут многократно использоваться потребителем в течение длительного срока. И&nbsp;хотя их потенциал к переработке ниже, чем у обычного полиэтилена или полипропилена, они могут перерабатываться в специализированных компаниях.<br><br>Все элементы баночки Рефил-200 могут быть задекорированы. Это позволяет полностью отказаться от неэкологичной этикетки или дополнительной упаковки в картонную коробку (особенно актуально для сменных блоков). Для корпуса доступно экодекорирование полноцветной цифровой печатью, а так же фольгирование и шелкография; для емкости-рефила - шелкография, для крышки - фольгирование, тампопечать или шелкография.&nbsp;<br><br>Емкость-рефил имеет широкий бортик для запайки. Транспортная крышка \"Овер-200\" предназначена для предохранения фольги в процессе транспортировки, если сменный блок продается без картонной коробки.&nbsp; В случае использования картонной коробки транспортная крышка может не приобретаться (на усмотрение клиента). Транспортная крышка не дает герметичности без запайки фольгой (платинкой).<br><br>Минимальная партия одного цвета 10 000 шт.<br>Цена формируется индивидуально в зависимости от выбранных опций (цвет, комплектация, партия, декорирование).</p>",
      "uploaded_at": "2024-07-24T08:12:01.610Z"
    }
  },
  {
    "model": "catalog.jarfile",
    "pk": 1,
    "fields": {
      "jar": 1,
      "file_type": "image",
      "file": "files/Баночки/Баночка «Сэнси-300»/Сэнси-300_бежевая_с_крышкой_Джем_фото_1.jpg",
      "uploaded_at": "2024-07-24T08:10:03.368Z"
    }
  },
  {
    "model": "catalog.jarfile",
    "pk": 2,
    "fields": {
      "jar": 1,
      "file_type": "image",
      "file": "files/Баночки/Баночка «Сэнси-300»/Сэнси-300_бежевая_с_крышкой_Джем_фото_2.jpg",
      "uploaded_at": "2024-07-24T08:10:03.369Z"
    }
  },
  {
    "model": "catalog.jarfile",
    "pk": 3,
    "fields": {
      "jar": 1,
      "file_type": "image",
      "file": "files/Баночки/Баночка «Сэнси-300»/Сэнси-300_бежевая_с_крышкой_Симона_фото_1.jpg",
      "uploaded_at": "2024-07-24T08:10:03.370Z"
    }
  },
  {
    "model": "catalog.jarfile",
    "pk": 4,
    "fields": {
      "jar": 1,
      "file_type": "image",
      "file": "files/Баночки/Баночка «Сэнси-300»/Сэнси-300_бежевая_с_крышкой_Симона_фото_2.jpg",
      "uploaded_at": "2024-07-24T08:10:03.370Z"
    }
  },
  {
    "model": "catalog.jarfile",
    "pk": 5,
    "fields": {
      "jar": 1,
      "file_type": "image",
      "file": "files/Баночки/Баночка «Сэнси-300»/Сэнси-300_бежевая_с_крышкой_Твист_фото_1.jpg",
      "uploaded_at": "2024-07-24T08:10:03.371Z"
    }
  },
  {
    "model": "catalog.jarfile",
    "pk": 6,
    "fields": {
      "jar": 2,
      "file_type": "image",
      "file": "files/Баночки/Баночка «Рефил-200»/Рефил-200_4.webp",
      "uploaded_at": "2024-07-24T08:12:01.611Z"
    }
  },
  {
    "model": "catalog.jarfile",
    "pk": 7,
    "fields": {
      "jar": 2,
      "file_type": "image",
      "file": "files/Баночки/Баночка «Рефил-200»/Рефил-200_5.webp",
      "uploaded_at": "2024-07-24T08:12:01.611Z"
    }
  },
  {
    "model": "catalog.jarfile",
    "pk": 8,
    "fields": {
      "jar": 2,
      "file_type": "image",
      "file": "files/Баночки/Баночка «Рефил-200»/Рефил-200_8.webp",
      "uploaded_at": "2024-07-24T08:12:01.612Z"
    }
  },
  {
    "model": "catalog.jarfile",
    "pk": 9,
    "fields": {
      "jar": 2,
      "file_type": "image",
      "file": "files/Баночки/Баночка «Рефил-200»/Рефил-200_9.webp",
      "uploaded_at": "2024-07-24T08:12:01.612Z"
    }
  },
  {
    "model": "catalog.jarfile",
    "pk": 10,
    "fields": {
      "jar": 2,
      "file_type": "image",
      "file": "files/Баночки/Баночка «Рефил-200»/Рефил-200_11.webp",
      "uploaded_at": "2024-07-24T08:12:01.613Z"
    }
  },
  {
    "model": "catalog.cap",
    "pk": 1,
    "fields": {
      "category": 3,
      "name": "Колпачок РК \"Сити\"",
      "slug": "kolpachok-rk-siti",
      "status": "Обычный",
      "ratings": 1,
      "type_of_closure": "Диск-топ",
      "throat_standard": "24/410",
      "description": "<p>Универсальный глянцевый колпачок диск-топ для флаконов со стандартным горлом 24/410 DIN. Возможно использование для ПЭТ-флаконов сторонних производителей (необходимо проводить тестирование на герметичность). Колпачок может изготавливаться в любом цвете, в том числе индивидуально разработанном. При изготовлении колпачка в качестве комплектующего к флаконам МИРАН колпак ориентируется к флакону (в пределах допуска совмещена лицевая сторона колпака и флакона).<br>Минимальная партия в комплекте с флаконом МИРАН -10 000 шт., при покупке только колпачка без флакона - 30 000 шт. Цена рассчитывается индивидуально в зависимости от партии, цвета, декорирования.</p>",
      "uploaded_at": "2024-07-24T08:05:01.940Z"
    }
  },
  {
    "model": "catalog.cap",
    "pk": 2,
    "fields": {
      "category": 3,
      "name": "Колпачок РК \"Сити-2\"",
      "slug": "kolpachok-rk-siti-2",
      "status": "Обычный",
      "ratings": 1,
      "type_of_closure": "Диск-топ",
      "throat_standard": "24/410",
      "description": "<p>Универсальный широкий матовый колпачок диск-топ&nbsp;&nbsp;с двойной юбкой для косметических флаконов на стандартное горло 24/410 DIN.<br>Возможно использование для ПЭТ-флаконов сторонних производителей (необходимо проводить тестирование на герметичность).<br><br>Колпачок может изготавливаться в любом цвете, в том числе индивидуально разработанном. При изготовлении колпачка в качестве комплектации к флаконам МИРАН колпак ориентируется к флакону (в пределах допуска совмещена лицевая сторона колпака и флакона).<br><br>Минимальная партия в комплекте с флаконом МИРАН -10 000 шт., при покупке только колпачка без флакона - 30 000 шт. Цена рассчитывается индивидуально в зависимости от партии, цвета, декорирования.</p>",
      "uploaded_at": "2024-07-24T08:06:22.614Z"
    }
  },
  {
    "model": "catalog.cap",
    "pk": 3,
    "fields": {
      "category": 3,
      "name": "Колпачок РК \"Сити-3\"",
      "slug": "kolpachok-rk-siti-3",
      "status": "Обычный",
      "ratings": 1,
      "type_of_closure": "Диск-топ",
      "throat_standard": "24/415",
      "description": "<p>Универсальный глянцевый колпачок диск-топ для флаконов со стандартным горлом 24/415 DIN. Возможно использование для ПЭТ-флаконов сторонних производителей (необходимо проводить тестирование на герметичность). Колпачок может изготавливаться в любом цвете, в том числе индивидуально разработанном. При изготовлении колпачка в качестве комплектующего к флаконам МИРАН колпак ориентируется к флакону (совмещена лицевая сторона колпака и флакона в пределах допуска).<br>Минимальная партия в комплекте с флаконом МИРАН -10 000 шт., при покупке только колпачка без флакона - 30 000 шт. Цена рассчитывается индивидуально в зависимости от партии, цвета, декорирования.</p>",
      "uploaded_at": "2024-07-24T08:07:34.164Z"
    }
  },
  {
    "model": "catalog.capfile",
    "pk": 1,
    "fields": {
      "cap": 1,
      "file_type": "image",
      "file": "files/Колпачки/Колпачок РК \"Сити\"/РК_Сити_для_сайта.jpg",
      "uploaded_at": "2024-07-24T08:05:01.944Z"
    }
  },
  {
    "model": "catalog.capfile",
    "pk": 2,
    "fields": {
      "cap": 1,
      "file_type": "image",
      "file": "files/Колпачки/Колпачок РК \"Сити\"/РК_Сити_для_сайта_1.jpg",
      "uploaded_at": "2024-07-24T08:05:01.949Z"
    }
  },
  {
    "model": "catalog.capfile",
    "pk": 3,
    "fields": {
      "cap": 2,
      "file_type": "image",
      "file": "files/Колпачки/Колпачок РК \"Сити-2\"/Колпачки_РК_Сити-2_фото_2.jpg",
      "uploaded_at": "2024-07-24T08:06:22.615Z"
    }
  },
  {
    "model": "catalog.capfile",
    "pk": 4,
    "fields": {
      "cap": 2,
      "file_type": "image",
      "file": "files/Колпачки/Колпачок РК \"Сити-2\"/РК_Сити-2_фото2_для_сайта.jpg",
      "uploaded_at": "2024-07-24T08:06:22.616Z"
    }
  },
  {
    "model": "catalog.capfile",
    "pk": 5,
    "fields": {
      "cap": 3,
      "file_type": "image",
      "file": "files/Колпачки/Колпачок РК \"Сити-3\"/колпаки_сити-3.webp",
      "uploaded_at": "2024-07-24T08:07:34.165Z"
    }
  },
  {
    "model": "catalog.capfile",
    "pk": 6,
    "fields": {
      "cap": 3,
      "file_type": "image",
      "file": "files/Колпачки/Колпачок РК \"Сити-3\"/колпак_Сити-3.webp",
      "uploaded_at": "2024-07-24T08:07:34.166Z"
    }
  },
  {
    "model": "catalog.series",
    "pk": 1,
    "fields": {
      "category": 1,
      "name": "Серия \"Фаби\"",
      "slug": "seriya-fabi",
      "description": "",
      "series_image": "files/Флаконы/Серия \"Фаби\"/Фаби-250_фото_4.png"
    }
  },
  {
    "model": "catalog.series",
    "pk": 2,
    "fields": {
      "category": 1,
      "name": "Серия \"Самба\"",
      "slug": "seriya-samba",
      "description": "",
      "series_image": "files/Флаконы/Серия \"Самба\"/Самба-300_с_РК_Сити_РК_Сити-2_и_РК_Стайл-2.png"
    }
  },
  {
    "model": "catalog.bottle",
    "pk": 1,
    "fields": {
      "category": 1,
      "series": 1,
      "name": "Флакон \"Фаби-300\"",
      "slug": "flakon-fabi-300",
      "status": "Новинка",
      "ratings": 1,
      "volume": "300",
      "shape": "цилиндричекая",
      "throat_standard": "24/410",
      "surface": "софт тач",
      "coffe_crumbs": "нет",
      "full_color_or_silkscreen": "нет",
      "decoration": "<p><strong>Новинка с инновационным открыванием</strong>&nbsp;и абсолютный&nbsp;<strong>тренд формы упаковки 2024!</strong>&nbsp;</p>\r\n<p>Верхняя часть - колпак с инновационным открыванием&nbsp;TWIST-UP (Конструкция разработана специалистами МИРАН):&nbsp;с помощью небольшого поворота наружного корпуса колпачка в верхней части появляется отверстие для извлечения продукта. Тщательно выверенный диаметр и форма отверстия позволяет экономно дозировать продукт. Колпак&nbsp;надежно фиксируется в закрытом положении с легким щелчком. Флакон можно использовать для дизайна как в обычном, так и в перевернутом состоянии.&nbsp;Подходит для жидких и густых продуктов (рекомендуем тестировать с продуктом, предоставляем образцы).</p>\r\n<p><strong>Материал изготовления</strong>&nbsp;- полиэтилен (100% recyclable).<br>Трендовая округлая форма флакона подойдет для широкого спектра косметических продуктов, а легкое открывание упростит взаимодействие потребителя с упаковкой.&nbsp;</p>\r\n<p><strong>Широкие возможности для индивидуализации:</strong>&nbsp;доступно изготовление в любом цвете и с выбранным уровнем&nbsp;прозрачности, софт-тач поверхность,&nbsp;декорирование колпачка и флакона фольгой,&nbsp;шелкографией и полноцветной печатью. Рекомендуется выбирать непрозрачный цвет для&nbsp;внешнего корпуса колпачка.</p>\r\n<p><strong>Минимальная партия:&nbsp;</strong>20.000 штук с обычной поверхностью, 30.000 шт с софт-тач поверхностью.</p>",
      "uploaded_at": "2024-07-24T08:21:42.764Z"
    }
  },
  {
    "model": "catalog.bottle",
    "pk": 2,
    "fields": {
      "category": 1,
      "series": 1,
      "name": "Флакон \"Фаби-400\"",
      "slug": "flakon-fabi-400",
      "status": "Новинка",
      "ratings": 1,
      "volume": "400",
      "shape": "цилиндричекая",
      "throat_standard": "24/410",
      "surface": "софт тач",
      "coffe_crumbs": "нет",
      "full_color_or_silkscreen": "нет",
      "decoration": "<p><strong>Новинка с инновационным открыванием</strong>&nbsp;и абсолютный&nbsp;<strong>тренд формы упаковки 2024!</strong>&nbsp;</p>\r\n<p>Верхняя часть - колпак с инновационным открыванием&nbsp;TWIST-UP (Конструкция разработана специалистами МИРАН):&nbsp;с помощью небольшого поворота наружного корпуса колпачка в верхней части появляется отверстие для извлечения продукта. Тщательно выверенный диаметр и форма отверстия позволяет экономно дозировать продукт. Колпак&nbsp;надежно фиксируется в закрытом положении с легким щелчком. Флакон можно использовать для дизайна как в обычном, так и в перевернутом состоянии.&nbsp;Подходит для жидких и густых продуктов (рекомендуем тестировать с продуктом, предоставляем образцы).</p>\r\n<p><strong>Материал изготовления</strong>&nbsp;- полиэтилен (100% recyclable).<br>Трендовая округлая форма флакона подойдет для широкого спектра косметических продуктов, а легкое открывание упростит взаимодействие потребителя с упаковкой.&nbsp;</p>\r\n<p><strong>Широкие возможности для индивидуализации:</strong>&nbsp;доступно изготовление в любом цвете и с выбранным уровнем&nbsp;прозрачности, софт-тач поверхность,&nbsp;декорирование колпачка и флакона фольгой,&nbsp;шелкографией и полноцветной печатью. Рекомендуется выбирать непрозрачный цвет для&nbsp;внешнего корпуса колпачка.</p>\r\n<p><strong>Минимальная партия:&nbsp;</strong>20.000 штук с обычной поверхностью, 30.000 шт с софт-тач поверхностью.</p>",
      "uploaded_at": "2024-07-24T08:23:41.352Z"
    }
  },
  {
    "model": "catalog.bottle",
    "pk": 3,
    "fields": {
      "category": 1,
      "series": 2,
      "name": "Флакон \"Самба-300\"",
      "slug": "flakon-samba-300",
      "status": "Новинка",
      "ratings": 1,
      "volume": "300",
      "shape": "цилиндричекая",
      "throat_standard": "24/410",
      "surface": "софт тач",
      "coffe_crumbs": "нет",
      "full_color_or_silkscreen": "нет",
      "decoration": "<p>Низкий и широкий цилиндрический флакон - тренд упаковки 2024 года. Эта форма становится популярной на многих рынках, благодаря новой интерпретации классической формы. Опция софт-тач поверхности придаст особую тактильность и поможет создать интересный эффект с полупрозрачным цветом флакона.&nbsp;</p>\r\n<p>Флакон может комплектоваться колпачками разного дизайна (флип-топы и диск-топы), а также дозаторами сторонних производителей. В отличии от флаконов с широким дном в случае использования дозатора узкое скругленное дно позволит извлечь 99% продукта.</p>\r\n<p>Подходит для широкого спектра продуктов: шампуней, геля для душа, крема для тела, мыла для рук и др.</p>",
      "uploaded_at": "2024-07-24T08:32:13.185Z"
    }
  },
  {
    "model": "catalog.bottle",
    "pk": 4,
    "fields": {
      "category": 1,
      "series": 2,
      "name": "Флакон \"Самба-400\"",
      "slug": "flakon-samba-400",
      "status": "Новинка",
      "ratings": 1,
      "volume": "400",
      "shape": "цилиндричекая",
      "throat_standard": "24/410",
      "surface": "софт тач",
      "coffe_crumbs": "нет",
      "full_color_or_silkscreen": "нет",
      "decoration": "<p>Низкий и широкий цилиндр - тренд формы флаконов в 2024. Интерпретация классической широкой формы цилиндра приносит все большую популярность этой формы на мировых рынках. Доступна опция софт-тач поверхности, которая делает флакон приятным на ощупь. С ее помощью вы можете создать интересный эффект \"морозного стекла\", сочетая её с полупрозрачным цветом флакона.&nbsp;</p>\r\n<p>Флакон может комплектоваться колпачками разного дизайна и диаметра (флип-топы и диск-топы), а также дозаторами сторонних производителей. В отличии от флаконов с широким дном в случае использования дозатора узкое скругленное дно позволит извлечь 99% продукта.</p>\r\n<p>Подходит для широкого спектра продуктов: шампуней, геля для душа, крема для тела, мыла для рук, пены для ванн и других уходовых средств.</p>",
      "uploaded_at": "2024-07-24T08:34:53.652Z"
    }
  },
  {
    "model": "catalog.bottlefile",
    "pk": 1,
    "fields": {
      "bottle": 1,
      "file_type": "image",
      "file": "files/Флаконы/Серия \"Фаби\"/Флакон \"Фаби-300\"/Лукбук_Фаби-250_Сити-750_Твист-400_с_крышкой_Твист.png",
      "uploaded_at": "2024-07-24T08:21:42.766Z"
    }
  },
  {
    "model": "catalog.bottlefile",
    "pk": 2,
    "fields": {
      "bottle": 1,
      "file_type": "image",
      "file": "files/Флаконы/Серия \"Фаби\"/Флакон \"Фаби-300\"/Фаби-250_фото_3.png",
      "uploaded_at": "2024-07-24T08:21:42.770Z"
    }
  },
  {
    "model": "catalog.bottlefile",
    "pk": 3,
    "fields": {
      "bottle": 1,
      "file_type": "image",
      "file": "files/Флаконы/Серия \"Фаби\"/Флакон \"Фаби-300\"/Фаби-250_фото_4.png",
      "uploaded_at": "2024-07-24T08:21:42.771Z"
    }
  },
  {
    "model": "catalog.bottlefile",
    "pk": 4,
    "fields": {
      "bottle": 2,
      "file_type": "image",
      "file": "files/Флаконы/Серия \"Фаби\"/Флакон \"Фаби-400\"/Фаби-300_отверстие_13.webp",
      "uploaded_at": "2024-07-24T08:23:41.357Z"
    }
  },
  {
    "model": "catalog.bottlefile",
    "pk": 5,
    "fields": {
      "bottle": 2,
      "file_type": "image",
      "file": "files/Флаконы/Серия \"Фаби\"/Флакон \"Фаби-400\"/Фаби-400.webp",
      "uploaded_at": "2024-07-24T08:23:41.441Z"
    }
  },
  {
    "model": "catalog.bottlefile",
    "pk": 6,
    "fields": {
      "bottle": 2,
      "file_type": "image",
      "file": "files/Флаконы/Серия \"Фаби\"/Флакон \"Фаби-400\"/Фаби-400_фото_3.jpg",
      "uploaded_at": "2024-07-24T08:23:41.444Z"
    }
  },
  {
    "model": "catalog.bottlefile",
    "pk": 7,
    "fields": {
      "bottle": 3,
      "file_type": "image",
      "file": "files/Флаконы/Серия \"Самба\"/Флакон \"Самба-300\"/Самба-300_с_дозатором.jpg",
      "uploaded_at": "2024-07-24T08:32:13.186Z"
    }
  },
  {
    "model": "catalog.bottlefile",
    "pk": 8,
    "fields": {
      "bottle": 3,
      "file_type": "image",
      "file": "files/Флаконы/Серия \"Самба\"/Флакон \"Самба-300\"/Самба-300_с_РК_Сити-2.jpg",
      "uploaded_at": "2024-07-24T08:32:13.187Z"
    }
  },
  {
    "model": "catalog.bottlefile",
    "pk": 9,
    "fields": {
      "bottle": 3,
      "file_type": "image",
      "file": "files/Флаконы/Серия \"Самба\"/Флакон \"Самба-300\"/Самба-300_с_РК_Сити-2_2.png",
      "uploaded_at": "2024-07-24T08:32:13.187Z"
    }
  },
  {
    "model": "catalog.bottlefile",
    "pk": 10,
    "fields": {
      "bottle": 3,
      "file_type": "image",
      "file": "files/Флаконы/Серия \"Самба\"/Флакон \"Самба-300\"/Самба-300_с_РК_Сити-2_рис.png",
      "uploaded_at": "2024-07-24T08:32:13.188Z"
    }
  },
  {
    "model": "catalog.bottlefile",
    "pk": 11,
    "fields": {
      "bottle": 3,
      "file_type": "image",
      "file": "files/Флаконы/Серия \"Самба\"/Флакон \"Самба-300\"/Самба-300_с_РК_Сити-2_фото_5.jpg",
      "uploaded_at": "2024-07-24T08:32:13.188Z"
    }
  },
  {
    "model": "catalog.bottlefile",
    "pk": 12,
    "fields": {
      "bottle": 4,
      "file_type": "image",
      "file": "files/Флаконы/Серия \"Самба\"/Флакон \"Самба-400\"/Самба-400_рис.webp",
      "uploaded_at": "2024-07-24T08:34:53.652Z"
    }
  },
  {
    "model": "catalog.bottlefile",
    "pk": 13,
    "fields": {
      "bottle": 4,
      "file_type": "image",
      "file": "files/Флаконы/Серия \"Самба\"/Флакон \"Самба-400\"/Самба-400_с_РК_Сити-2_Сити_и_Стайл-2.png",
      "uploaded_at": "2024-07-24T08:34:53.653Z"
    }
  },
  {
    "model": "catalog.bottlefile",
    "pk": 14,
    "fields": {
      "bottle": 4,
      "file_type": "image",
      "file": "files/Флаконы/Серия \"Самба\"/Флакон \"Самба-400\"/Самба-400_с_РК_Сити_Сити-2_Стайл-2.png",
      "uploaded_at": "2024-07-24T08:34:53.654Z"
    }
  },
  {
    "model": "catalog.bottlefile",
    "pk": 15,
    "fields": {
      "bottle": 4,
      "file_type": "image",
      "file": "files/Флаконы/Серия \"Самба\"/Флакон \"Самба-400\"/Самба-400_с_РК_Стайл-2.png",
      "uploaded_at": "2024-07-24T08:34:53.655Z"
    }
  },
  {
    "model": "catalog.bottlefile",
    "pk": 16,
    "fields": {
      "bottle": 4,
      "file_type": "image",
      "file": "files/Флаконы/Серия \"Самба\"/Флакон \"Самба-400\"/Самба-400_с_РК_Стайл-2_и_РК_Сити.png",
      "uploaded_at": "2024-07-24T08:34:53.655Z"
    }
  },
  {
    "model": "catalog.bottlefile",
    "pk": 17,
    "fields": {
      "bottle": 4,
      "file_type": "image",
      "file": "files/Флаконы/Серия \"Самба\"/Флакон \"Самба-400\"/Самба-400_с_РК_Стайл-2_и_РК_Сити-2.png",
      "uploaded_at": "2024-07-24T08:34:53.656Z"
    }
  }
]
